{
    "robot_root_name": "base_link",
    "human_root_name": "pelvis",
    "ground_height":0.15,
    "human_height_assumption": 1.8,
    "use_ik_match_table1": true,
    "use_ik_match_table2": true,
    "human_scale_table": {
        "pelvis": 0.9,

        "left_hip": 0.9,
        "right_hip": 0.9,
        "left_knee": 0.9,
        "right_knee": 0.9,
        "left_foot": 0.9,
        "right_foot": 0.9,

        "left_shoulder": 0.3,
        "right_shoulder": 0.3,
        "left_elbow": 0.3,
        "right_elbow": 0.3
    },

    "ik_match_table1": {
        "base_link": [
            "pelvis",
            100,
            10,
            [
                0.0,
                0.0,
                0.0
            ],
            [
                0.5,
                -0.5,
                -0.5,
                -0.5
            ]
        ],
        "L_HipRoll_Link_1": [
            "left_hip",
            0,
            10,
            [
                0.0,
                0.0,
                0.0
            ],
            [
                0.4267755048530407,
                -0.5637931078484661,
                -0.5637931078484661,
                -0.4267755048530407
            ]
        ],
        "L_Thigh_Link_1": [
            "left_knee",
            0,
            10,
            [
                0.0,
                0.0,
                0.0
            ],
            [
                0.5,
                -0.5,
                -0.5,
                -0.5
            ]
        ],
        "L_AnkleRoll_Link_1": [
            "left_foot",
            100,
            10,
            [
                0.0,
                0.02,
                0.0
            ],
            [
                0.5,
                -0.5,
                -0.5,
                -0.5
            ]
        ],
        "R_HipRoll_Link_1": [
            "right_hip",
            0,
            10,
            [
                0.0,
                0.0,
                0.0
            ],
            [
                0.4267755048530407,
                -0.5637931078484661,
                -0.5637931078484661,
                -0.4267755048530407
            ]
        ],
        "R_Calf_Link_1": [
            "right_knee",
            0,
            10,
            [
                0.0,
                0.0,
                0.0
            ],
            [
                0.5,
                -0.5,
                -0.5,
                -0.5
            ]
        ],
        "R_AnkleRoll_Link_1": [
            "right_foot",
            100,
            10,
            [
                0.0,
                -0.02,
                0.0
            ],
            [
                0.5,
                -0.5,
                -0.5,
                -0.5
            ]
        ],
        "L_Shoulder_Link_1": [
            "left_shoulder",
            0,
            10,
            [
                0.0,
                0.0,
                0.0
            ],
            [
                0.70710678,
                0.0,
                -0.70710678,
                0.0
            ]
        ],
        "L_Hand_Link_1": [
            "left_elbow",
            0,
            10,
            [
                0.0,
                0.0,
                0.0
            ],
            [
                0.0,
                -0.70710678,
                0.0,
                0.70710678
            ]
        ],
        "R_Shoulder_Link_1": [
            "right_shoulder",
            0,
            10,
            [
                0.0,
                0.0,
                0.0
            ],
            [
                0.0,
                0.70710678,
                0.0,
                0.70710678
            ]
        ],
        "R_Hand_Link_1": [
            "right_elbow",
            0,
            10,
            [
                0.0,
                0.0,
                0.0
            ],
            [
                0.0,
                0.70710678,
                0.0,
                0.70710678
            ]
        ]
    },
   "ik_match_table2": {
        "base_link": [
            "pelvis",
            100,
            5,
            [
                0.0,
                0.0,
                0.0
            ],
            [
                0.5,
                -0.5,
                -0.5,
                -0.5
            ]
        ],
        "L_HipRoll_Link_1": [
            "left_hip",
            10,
            5,
            [
                0.0,
                0.0,
                0.0
            ],
            [
                0.4267755048530407,
                -0.5637931078484661,
                -0.5637931078484661,
                -0.4267755048530407
            ]

        ],
        "L_Calf_Link_1": [
            "left_knee",
            10,
            5,
            [
                0.0,
                0.0,
                0.0
            ],
            [
                0.5,
                -0.5,
                -0.5,
                -0.5
            ]
        ],
        "L_AnkleRoll_Link_1": [
            "left_foot",
            100,
            50,
            [
                0.0,
                0.0,
                0.0
            ],
            [ -0.5, 0.5, 0.5, 0.5 ]
        ],
        "R_HipRoll_Link_1": [
            "right_hip",
            10,
            5,
            [
                0.0,
                0.0,
                0.0
            ],
            [
                0.4267755048530407,
                -0.5637931078484661,
                -0.5637931078484661,
                -0.4267755048530407
            ]
        ],
        "R_Calf_Link_1": [
            "right_knee",
            10,
            5,
            [
                0.0,
                0.0,
                0.0
            ],
            [
                0.5,
                -0.5,
                -0.5,
                -0.5
            ]
        ],
        "R_AnkleRoll_Link_1": [
            "right_foot",
            100,
            50,
            [
                0.0,
                0.0,
                0.0
            ],
            [ -0.5, 0.5, 0.5, 0.5 ]
        ],
        "L_Shoulder_Link_1": [
            "left_shoulder",
            10,
            5,
            [
                0.0,
                0.0,
                0.0
            ],
            [
                0.70710678,
                0.0,
                -0.70710678,
                0.0
            ]
        ],
        "L_Hand_Link_1": [
            "left_elbow",
            10,
            5,
            [
                0.0,
                0.0,
                0.0
            ],
            [
                0.0,
                -0.70710678,
                0.0,
                0.70710678
            ]
        ],
        "R_Shoulder_Link_1": [
            "right_shoulder",
            10,
            5,
            [
                0.0,
                0.0,
                0.0
            ],
            [
                0.0,
                0.70710678,
                0.0,
                0.70710678
            ]
        ],
        "R_Hand_Link_1": [
            "right_elbow",
            10,
            5,
            [
                0.0,
                0.0,
                0.0
            ],
            [
                0.0,
                0.70710678,
                0.0,
                0.70710678
            ]
        ]
    }
}